﻿<?xml version="1.0" encoding="utf-8"?>
<deployment>
  <id>6be56f19-b958-4d11-8749-889df4decebb</id>
  <author>N/A</author>
  <deployer>Push-Deployer</deployer>
  <authorEmail>N/A</authorEmail>
  <message>Created via a push deployment</message>
  <progress></progress>
  <status>Success</status>
  <statusText></statusText>
  <lastSuccessEndTime>2025-09-29T05:29:52.0124844Z</lastSuccessEndTime>
  <receivedTime>2025-09-29T05:28:39.198246Z</receivedTime>
  <startTime>2025-09-29T05:28:40.5927264Z</startTime>
  <endTime>2025-09-29T05:29:52.0124844Z</endTime>
  <complete>True</complete>
  <is_temp>False</is_temp>
  <is_readonly>True</is_readonly>
  <buildSummary />
</deployment>