﻿<?xml version="1.0" encoding="utf-8"?>
<deployment>
  <id>60d3c4c5-a245-4199-a061-eb81e2ad2de4</id>
  <author>N/A</author>
  <deployer>OneDeploy</deployer>
  <authorEmail>N/A</authorEmail>
  <message>OneDeploy</message>
  <progress></progress>
  <status>Success</status>
  <statusText></statusText>
  <lastSuccessEndTime>2025-09-29T05:31:07.1562607Z</lastSuccessEndTime>
  <receivedTime>2025-09-29T05:30:05.8176481Z</receivedTime>
  <startTime>2025-09-29T05:30:07.209692Z</startTime>
  <endTime>2025-09-29T05:31:07.1562607Z</endTime>
  <complete>True</complete>
  <is_temp>False</is_temp>
  <is_readonly>True</is_readonly>
  <buildSummary />
</deployment>