﻿<?xml version="1.0" encoding="utf-8"?>
<deployment>
  <id>7aaccc88-7ab6-4262-b987-c3338289a45c</id>
  <author>N/A</author>
  <deployer>Push-Deployer</deployer>
  <authorEmail>N/A</authorEmail>
  <message>Created via a push deployment</message>
  <progress></progress>
  <status>Success</status>
  <statusText></statusText>
  <lastSuccessEndTime>2025-09-29T05:21:58.7527901Z</lastSuccessEndTime>
  <receivedTime>2025-09-29T05:21:52.5009392Z</receivedTime>
  <startTime>2025-09-29T05:21:53.8544196Z</startTime>
  <endTime>2025-09-29T05:21:58.7527901Z</endTime>
  <complete>True</complete>
  <is_temp>False</is_temp>
  <is_readonly>True</is_readonly>
  <buildSummary />
</deployment>