<step title="Incoming Request" date="2025-09-29T05:21:48.777" instance="fc148d" url="/api/zipdeploy?isAsync=true" method="POST" type="request" pid="821,1,5" Accept="*/*" Host="appsvc-yusun-01.scm.azurewebsites.net" User-Agent="AZURECLI/2.77.0 (HOMEBREW)" Accept-Encoding="gzip, deflate" Authorization="Bea..." Cache-Control="no-cache" Content-Type="application/octet-stream" Content-Length="155889" x-ms-client-request-id="2bfcb88c-9cf4-11f0-aa37-6a2ecbda5665" x-ms-artifact-checksum="ea69df20536a4f2a4bda4271ea5acece3544bd1f74e5e7887a165b2bdc32ce56" X-ARR-LOG-ID="2bfcb88c-9cf4-11f0-aa37-6a2ecbda5665" CLIENT-IP="121.166.132.6:64722" X-SITE-DEPLOYMENT-ID="appsvc-yusun-01" WAS-DEFAULT-HOSTNAME="appsvc-yusun-01.scm.azurewebsites.net" X-Forwarded-Proto="https" X-AppService-Proto="https" X-Forwarded-TlsVersion="1.3" X-WAWS-Unencoded-URL="/api/zipdeploy?isAsync=true" X-Client-IP="121.166.132.6" X-Client-Port="64722" >
  <step title="Cleanup Xml Logs" date="2025-09-29T05:21:48.781" /><!-- duration: 8ms -->
  <step title="ZipPushDeploy" date="2025-09-29T05:21:48.833" >
    <step title="ZipDeploy. Extract zip." date="2025-09-29T05:21:48.844" /><!-- duration: 5ms -->
    <step title="None repository commit" date="2025-09-29T05:21:48.858" >
      <step title="Commit id: 7aaccc88-7ab6-4262-b987-c3338289a45c" date="2025-09-29T05:21:48.863" Message="N/A" AuthorName="N/A" AuthorEmail="N/A" /><!-- duration: 4ms -->
    </step><!-- duration: 12ms -->
    <step title="Starting PushDeployAsync" date="2025-09-29T05:21:48.875" /><!-- duration: 5ms -->
    <step title="Writing artifact to /tmp/zipdeploy/8e69a9d3-5f5c-4619-a9f0-004df1662bcd.zip" date="2025-09-29T05:21:48.896" >
      <step title="Writing multipart request body to /tmp/zipdeploy/8e69a9d3-5f5c-4619-a9f0-004df1662bcd.zip" date="2025-09-29T05:21:48.901" /><!-- duration: 5ms -->
    </step><!-- duration: 31ms -->
    <step title="Start deployment in the background" date="2025-09-29T05:21:48.938" >
      <step title="Acquiring Deployment Lock" date="2025-09-29T05:21:48.964" /><!-- duration: 5ms -->
      <step title="Acquired Deployment Lock" date="2025-09-29T05:21:49.005" /><!-- duration: 5ms -->
    </step><!-- duration: 172ms -->
  </step><!-- duration: 284ms -->
  <step title="Outgoing response" date="2025-09-29T05:21:49.125" type="response" statusCode="202" statusText="Accepted" /><!-- duration: 4ms -->
</step><!-- duration: 357ms -->
