<step title="BackgroundTrace" date="2025-09-29T05:21:48.944" instance="fc148d" url="/api/zipdeploy" method="POST" >
  <step title="Creating temporary deployment - FetchDeploymentManager" date="2025-09-29T05:21:49.014" /><!-- duration: 5ms -->
  <step title="Creating temporary deployment" date="2025-09-29T05:21:49.024" /><!-- duration: 80ms -->
  <step title="Performing fetch based deployment" date="2025-09-29T05:21:49.152" >
    <step title="Cleaning up temp folders from previous zip deployments and extracting pushed zip file /tmp/zipdeploy/8e69a9d3-5f5c-4619-a9f0-004df1662bcd.zip (0.15 MB) to /tmp/zipdeploy/extracted" date="2025-09-29T05:21:50.333" >
      <step title="ChmodRecursive Process exited with total time taken in ms: 16" date="2025-09-29T05:21:50.390" /><!-- duration: 41ms -->
    </step><!-- duration: 103ms -->
    <step title="Deployment timer started" date="2025-09-29T05:21:52.448" >
      <step title="DeploymentManager.Deploy(id:7aaccc88-7ab6-4262-b987-c3338289a45c)" date="2025-09-29T05:21:52.456" >
        <step title="Collecting changeset information" date="2025-09-29T05:21:52.473" /><!-- duration: 86ms -->
        <step title="Updating submodules" date="2025-09-29T05:21:52.568" /><!-- duration: 1122ms -->
        <step title="Determining deployment builder" date="2025-09-29T05:21:53.936" >
          <step title="Builder is BasicBuilder" date="2025-09-29T05:21:53.948" /><!-- duration: 4ms -->
        </step><!-- duration: 21ms -->
        <step title="PreDeployment: context.CleanOutputPath False" date="2025-09-29T05:21:54.001" >
          <step title="PreDeployment: context.OutputPath /home/site/wwwroot" date="2025-09-29T05:21:54.133" >
            <step title="Building" date="2025-09-29T05:21:54.287" >
              <step title="Executing external process" date="2025-09-29T05:21:54.614" type="process" path="starter.sh" arguments="/opt/Kudu/Scripts/parallel_rsync.sh /tmp/zipdeploy/extracted /home/site/wwwroot 8 /tmp/ False True  " /><!-- duration: 3351ms -->
              <step title="Triggering recycle (preview mode disabled)." date="2025-09-29T05:21:58.253" /><!-- duration: 5ms -->
              <step title="Modified file to trigger a restart of the app container." date="2025-09-29T05:21:58.300" /><!-- duration: 6ms -->
              <step title="Skip function trigger and logicapp sync because function is not enabled." date="2025-09-29T05:21:58.311" /><!-- duration: 5ms -->
            </step><!-- duration: 4753ms -->
          </step><!-- duration: 4914ms -->
          <step title="Cleaning up temp files" date="2025-09-29T05:21:59.052" /><!-- duration: 6ms -->
          <step title="Cleaning up temp files" date="2025-09-29T05:21:59.063" /><!-- duration: 506ms -->
          <step title="Reloading status file with latest updates" date="2025-09-29T05:21:59.661" >
            <step title="WebHooksManager.PublishEventAsync: PostDeployment" date="2025-09-29T05:21:59.668" /><!-- duration: 38ms -->
          </step><!-- duration: 50ms -->
          <step title="Cleaning up temporary deployment - fetch deployment was successful" date="2025-09-29T05:21:59.719" /><!-- duration: 4ms -->
        </step><!-- duration: 5806ms -->
      </step><!-- duration: 7373ms -->
