<step title="Incoming Request" date="2025-09-29T05:30:02.147" instance="fc148d" url="/api/publish?type=zip" method="POST" type="request" pid="768,1,20" Accept="*/*" Host="appsvc-yusun-01.scm.azurewebsites.net" User-Agent="AZURECLI/2.77.0 (HOMEBREW)" Accept-Encoding="gzip, deflate" Authorization="Bea..." Cache-Control="no-cache" Content-Type="application/octet-stream" Cookie="ARRAffinity=fc148d779c7d63a407dbe35fb590ee550a1853f1e21bdc0be6ef2958eb661e42; ARRAffinitySameSite=fc148d779c7d63a407dbe35fb590ee550a1853f1e21bdc0be6ef2958eb661e42" Content-Length="39123" x-ms-client-request-id="56a8d2ea-9cf5-11f0-9ce4-6a2ecbda5665" x-ms-artifact-checksum="e6dd02b9133ad8ee2dbd0fc36c915f77db61c316eeb2727a1efa295a5d0a8f27" X-ARR-LOG-ID="56a8d2ea-9cf5-11f0-9ce4-6a2ecbda5665" CLIENT-IP="121.166.132.6:52428" X-SITE-DEPLOYMENT-ID="appsvc-yusun-01" WAS-DEFAULT-HOSTNAME="appsvc-yusun-01.scm.azurewebsites.net" X-Forwarded-Proto="https" X-AppService-Proto="https" X-Forwarded-TlsVersion="1.3" X-WAWS-Unencoded-URL="/api/publish?type=zip" X-Client-IP="121.166.132.6" X-Client-Port="52428" >
  <step title="OneDeploy" date="2025-09-29T05:30:02.183" >
    <step title="Starting PushDeployAsync" date="2025-09-29T05:30:02.196" /><!-- duration: 9ms -->
    <step title="Writing artifact to /tmp/zipdeploy/b4e04853-807e-4024-8196-b5ae913eab49.zip" date="2025-09-29T05:30:02.215" >
      <step title="Writing multipart request body to /tmp/zipdeploy/b4e04853-807e-4024-8196-b5ae913eab49.zip" date="2025-09-29T05:30:02.223" /><!-- duration: 12ms -->
    </step><!-- duration: 32ms -->
    <step title="Removing previous build artifact&apos;s manifest file" date="2025-09-29T05:30:02.256" >
      <step title="Attempting to fetch target branch HEAD" date="2025-09-29T05:30:02.271" /><!-- duration: 6ms -->
      <step title="Acquiring Deployment Lock" date="2025-09-29T05:30:02.285" /><!-- duration: 6ms -->
      <step title="Acquired Deployment Lock" date="2025-09-29T05:30:02.332" /><!-- duration: 5ms -->
      <step title="Performing fetch based deployment" date="2025-09-29T05:30:02.346" >
        <step title="Creating temporary deployment" date="2025-09-29T05:30:02.351" /><!-- duration: 69ms -->
        <step title="Releasing Deployment Lock" date="2025-09-29T05:30:03.592" /><!-- duration: 9ms -->
        <step title="Cleaning up temp folders from previous zip deployments and extracting pushed zip file /tmp/zipdeploy/b4e04853-807e-4024-8196-b5ae913eab49.zip (0.04 MB) to /tmp/zipdeploy/extracted" date="2025-09-29T05:30:03.644" >
          <step title="ChmodRecursive Process exited with total time taken in ms: 23" date="2025-09-29T05:30:03.690" /><!-- duration: 7ms -->
        </step><!-- duration: 59ms -->
        <step title="None repository commit" date="2025-09-29T05:30:03.719" >
          <step title="Commit id: 60d3c4c5-a245-4199-a061-eb81e2ad2de4" date="2025-09-29T05:30:03.724" Message="OneDeploy" AuthorName="N/A" AuthorEmail="N/A" /><!-- duration: 4ms -->
        </step><!-- duration: 15ms -->
        <step title="Deployment timer started" date="2025-09-29T05:30:05.739" >
          <step title="DeploymentManager.Deploy(id:60d3c4c5-a245-4199-a061-eb81e2ad2de4)" date="2025-09-29T05:30:05.750" >
            <step title="Collecting changeset information" date="2025-09-29T05:30:05.766" /><!-- duration: 116ms -->
            <step title="Updating submodules" date="2025-09-29T05:30:05.889" /><!-- duration: 1145ms -->
            <step title="Determining deployment builder" date="2025-09-29T05:30:07.280" >
              <step title="Builder is OryxBuilder" date="2025-09-29T05:30:07.297" /><!-- duration: 4ms -->
            </step><!-- duration: 26ms -->
            <step title="PreDeployment: context.CleanOutputPath False" date="2025-09-29T05:30:07.363" >
              <step title="PreDeployment: context.OutputPath /home/site/wwwroot" date="2025-09-29T05:30:07.508" >
                <step title="Building" date="2025-09-29T05:30:07.674" >
                  <step title="Executing external process" date="2025-09-29T05:30:08.011" type="process" path="bash" arguments="-c &quot;oryx build /tmp/zipdeploy/extracted -o /home/site/wwwroot --platform python --platform-version 3.11 -p virtualenv_name=antenv --log-file /tmp/build-debug.log  -i /tmp/8ddff1940375541 --compress-destination-dir | tee /tmp/oryx-build.log ; exit $PIPESTATUS &quot;" /><!-- duration: 56916ms -->
                  <step title="Using PythonDeploymentLogParser" date="2025-09-29T05:31:05.331" /><!-- duration: 5ms -->
                  <step title="Modified file to trigger a restart of the app container." date="2025-09-29T05:31:06.729" /><!-- duration: 5ms -->
                  <step title="Skip function trigger and logicapp sync because function is not enabled." date="2025-09-29T05:31:06.739" /><!-- duration: 5ms -->
                </step><!-- duration: 59937ms -->
              </step><!-- duration: 60111ms -->
              <step title="Cleaning up temp files" date="2025-09-29T05:31:07.625" /><!-- duration: 1961ms -->
              <step title="Cleaning up temp files" date="2025-09-29T05:31:09.591" /><!-- duration: 507ms -->
              <step title="Reloading status file with latest updates" date="2025-09-29T05:31:10.155" >
                <step title="WebHooksManager.PublishEventAsync: PostDeployment" date="2025-09-29T05:31:10.160" /><!-- duration: 27ms -->
              </step><!-- duration: 36ms -->
              <step title="Cleaning up temporary deployment - fetch deployment was successful" date="2025-09-29T05:31:10.199" /><!-- duration: 5ms -->
            </step><!-- duration: 62917ms -->
          </step><!-- duration: 64540ms -->
          <step title="Outgoing response" date="2025-09-29T05:31:10.297" type="response" statusCode="200" statusText="OK" /><!-- duration: 5ms -->
        </step><!-- duration: 64567ms -->
