<step title="BackgroundTrace" date="2025-09-29T05:28:35.634" instance="fc148d" url="/api/zipdeploy" method="POST" >
  <step title="Creating temporary deployment - FetchDeploymentManager" date="2025-09-29T05:28:35.711" /><!-- duration: 4ms -->
  <step title="Creating temporary deployment" date="2025-09-29T05:28:35.721" /><!-- duration: 56ms -->
  <step title="Performing fetch based deployment" date="2025-09-29T05:28:35.842" >
    <step title="Cleaning up temp folders from previous zip deployments and extracting pushed zip file /tmp/zipdeploy/4bdbffdf-c613-420e-8e97-12c291ec34bc.zip (0.15 MB) to /tmp/zipdeploy/extracted" date="2025-09-29T05:28:37.034" >
      <step title="ChmodRecursive Process exited with total time taken in ms: 19" date="2025-09-29T05:28:37.097" /><!-- duration: 6ms -->
    </step><!-- duration: 77ms -->
    <step title="Deployment timer started" date="2025-09-29T05:28:39.127" >
      <step title="DeploymentManager.Deploy(id:6be56f19-b958-4d11-8749-889df4decebb)" date="2025-09-29T05:28:39.139" >
        <step title="Collecting changeset information" date="2025-09-29T05:28:39.169" /><!-- duration: 94ms -->
        <step title="Updating submodules" date="2025-09-29T05:28:39.272" /><!-- duration: 1132ms -->
        <step title="Determining deployment builder" date="2025-09-29T05:28:40.666" >
          <step title="Builder is OryxBuilder" date="2025-09-29T05:28:40.683" /><!-- duration: 6ms -->
        </step><!-- duration: 29ms -->
        <step title="PreDeployment: context.CleanOutputPath False" date="2025-09-29T05:28:40.755" >
          <step title="PreDeployment: context.OutputPath /home/site/wwwroot" date="2025-09-29T05:28:40.886" >
            <step title="Building" date="2025-09-29T05:28:41.051" >
              <step title="Executing external process" date="2025-09-29T05:28:41.439" type="process" path="bash" arguments="-c &quot;oryx build /tmp/zipdeploy/extracted -o /home/site/wwwroot --platform python --platform-version 3.11 -p virtualenv_name=antenv --log-file /tmp/build-debug.log  -i /tmp/8ddff190c97cb0b --compress-destination-dir | tee /tmp/oryx-build.log ; exit $PIPESTATUS &quot;" /><!-- duration: 68485ms -->
              <step title="Using PythonDeploymentLogParser" date="2025-09-29T05:29:50.326" /><!-- duration: 5ms -->
              <step title="Triggering recycle (preview mode disabled)." date="2025-09-29T05:29:51.593" /><!-- duration: 9ms -->
              <step title="Modified file to trigger a restart of the app container." date="2025-09-29T05:29:51.627" /><!-- duration: 4ms -->
              <step title="Skip function trigger and logicapp sync because function is not enabled." date="2025-09-29T05:29:51.637" /><!-- duration: 5ms -->
            </step><!-- duration: 71403ms -->
          </step><!-- duration: 71579ms -->
          <step title="Cleaning up temp files" date="2025-09-29T05:29:52.471" /><!-- duration: 2004ms -->
          <step title="Cleaning up temp files" date="2025-09-29T05:29:54.484" /><!-- duration: 506ms -->
          <step title="Reloading status file with latest updates" date="2025-09-29T05:29:55.035" >
            <step title="WebHooksManager.PublishEventAsync: PostDeployment" date="2025-09-29T05:29:55.041" /><!-- duration: 41ms -->
          </step><!-- duration: 51ms -->
          <step title="Cleaning up temporary deployment - fetch deployment was successful" date="2025-09-29T05:29:55.097" /><!-- duration: 5ms -->
        </step><!-- duration: 74401ms -->
      </step><!-- duration: 76039ms -->
