<step title="Incoming Request" date="2025-09-29T05:28:35.264" instance="fc148d" url="/api/zipdeploy?isAsync=true" method="POST" type="request" pid="768,1,15" Accept="*/*" Host="appsvc-yusun-01.scm.azurewebsites.net" User-Agent="AZURECLI/2.77.0 (HOMEBREW)" Accept-Encoding="gzip, deflate" Authorization="Bea..." Cache-Control="no-cache" Content-Type="application/octet-stream" Content-Length="160321" x-ms-client-request-id="0b94e32a-9cf5-11f0-bf4e-6a2ecbda5665" x-ms-artifact-checksum="8123817af9fb8d9f0109ca0a9cf0031fa59c9ad6e7219f8e97801effc1346e92" X-ARR-LOG-ID="0b94e32a-9cf5-11f0-bf4e-6a2ecbda5665" CLIENT-IP="121.166.132.6:51745" X-SITE-DEPLOYMENT-ID="appsvc-yusun-01" WAS-DEFAULT-HOSTNAME="appsvc-yusun-01.scm.azurewebsites.net" X-Forwarded-Proto="https" X-AppService-Proto="https" X-Forwarded-TlsVersion="1.3" X-WAWS-Unencoded-URL="/api/zipdeploy?isAsync=true" X-Client-IP="121.166.132.6" X-Client-Port="51745" >
  <step title="ZipPushDeploy" date="2025-09-29T05:28:35.452" >
    <step title="ZipDeploy. Extract zip. Remote build." date="2025-09-29T05:28:35.464" /><!-- duration: 8ms -->
    <step title="None repository commit" date="2025-09-29T05:28:35.482" >
      <step title="Commit id: 6be56f19-b958-4d11-8749-889df4decebb" date="2025-09-29T05:28:35.543" Message="N/A" AuthorName="N/A" AuthorEmail="N/A" /><!-- duration: 5ms -->
    </step><!-- duration: 72ms -->
    <step title="Starting PushDeployAsync" date="2025-09-29T05:28:35.559" /><!-- duration: 5ms -->
    <step title="Writing artifact to /tmp/zipdeploy/4bdbffdf-c613-420e-8e97-12c291ec34bc.zip" date="2025-09-29T05:28:35.578" >
      <step title="Writing multipart request body to /tmp/zipdeploy/4bdbffdf-c613-420e-8e97-12c291ec34bc.zip" date="2025-09-29T05:28:35.586" /><!-- duration: 5ms -->
    </step><!-- duration: 33ms -->
    <step title="Start deployment in the background" date="2025-09-29T05:28:35.628" >
      <step title="Acquiring Deployment Lock" date="2025-09-29T05:28:35.643" /><!-- duration: 4ms -->
      <step title="Acquired Deployment Lock" date="2025-09-29T05:28:35.700" /><!-- duration: 6ms -->
    </step><!-- duration: 155ms -->
  </step><!-- duration: 338ms -->
  <step title="Outgoing response" date="2025-09-29T05:28:35.806" type="response" statusCode="202" statusText="Accepted" /><!-- duration: 7ms -->
</step><!-- duration: 555ms -->
